<keymap version="1" name="Seckawijoki's Keymaps" parent="$default">
  <action id="ActivateAndroidMonitorToolWindow">
    <keyboard-shortcut first-keystroke="alt 6" />
  </action>
  <action id="ActivateTODOToolWindow" />
  <action id="Android.CreateResourcesActionGroup">
    <keyboard-shortcut first-keystroke="ctrl alt d" />
  </action>
  <action id="CIDR.Lang.IntroduceDefine" />
  <action id="CIDR.Lang.IntroduceVariable" />
  <action id="CIDR.Lang.ObjC.IntroduceIvar" />
  <action id="CloseContent">
    <keyboard-shortcut first-keystroke="ctrl w" />
  </action>
  <action id="CompareTwoFiles" />
  <action id="Console.Execute" />
  <action id="Diff.ShowDiff" />
  <action id="EditorDeleteLine">
    <keyboard-shortcut first-keystroke="ctrl d" />
  </action>
  <action id="EditorDuplicate" />
  <action id="EditorSelectWord" />
  <action id="EditorStartNewLineBefore" />
  <action id="FileChooser.GotoDesktop" />
  <action id="FileChooser.NewFolder">
    <keyboard-shortcut first-keystroke="alt insert" />
  </action>
  <action id="GotoChangedFile" />
  <action id="GotoClass" />
  <action id="Images.Thumbnails.EnterAction" />
  <action id="Inline" />
  <action id="IntroduceField" />
  <action id="IntroduceVariable" />
  <action id="NewClass">
    <keyboard-shortcut first-keystroke="ctrl alt n" />
  </action>
  <action id="NewDir">
    <keyboard-shortcut first-keystroke="ctrl alt f" />
  </action>
  <action id="NewLayoutResourceAction">
    <keyboard-shortcut first-keystroke="ctrl alt x" />
  </action>
  <action id="OpenFile">
    <keyboard-shortcut first-keystroke="ctrl alt o" />
  </action>
  <action id="OptimizeImports" />
  <action id="SendEOF" />
  <action id="ShelvedChanges.Diff" />
  <action id="SwitchApply">
    <keyboard-shortcut first-keystroke="shift alt enter" />
  </action>
  <action id="SwitchDown">
    <keyboard-shortcut first-keystroke="shift alt down" />
  </action>
  <action id="SwitchLeft">
    <keyboard-shortcut first-keystroke="shift alt left" />
  </action>
  <action id="SwitchRight">
    <keyboard-shortcut first-keystroke="shift alt right" />
  </action>
  <action id="SwitchUp">
    <keyboard-shortcut first-keystroke="shift alt up" />
  </action>
  <action id="template.create.XMLLayout XML File">
    <keyboard-shortcut first-keystroke="ctrl alt x" />
  </action>
</keymap>