<application>
  <component name="GitRememberedInputs">
    <option name="visitedUrls">
      <list>
        <UrlAndUserName>
          <option name="url" value="https://github.com/EndeRHoshI/GraduationProject" />
          <option name="userName" value="" />
        </UrlAndUserName>
        <UrlAndUserName>
          <option name="url" value="https://github.com/Seckawijoki/Ubuntu_Android_Studio_Project.git" />
          <option name="userName" value="" />
        </UrlAndUserName>
        <UrlAndUserName>
          <option name="url" value="https://github.com/gnorsilva/Activities-LaunchMode-demo.git" />
          <option name="userName" value="" />
        </UrlAndUserName>
      </list>
    </option>
    <option name="cloneParentDir" value="E:\Android_Studio_Project" />
  </component>
  <component name="Vcs.Log.App.Settings">
    <option name="MIGRATED" value="true" />
  </component>
</application>